Image_name,Genotype,Plant_number,laser,Count_Small,Total_area_Small,Avg_area_Small,Count_Giant,Total_area_Giant,Avg_area_Giant,Small.Giant_ratio,Giant.Small_ratio,Percent_Small_Cells,Total_area,Small_Giant_area_ratio,Percent_area_small,Percent_area_giant
Segmented_GiantCells_pAR307-Col-T1#1-10X-1A_Maximumintensityprojection.tif,pAR307,1,1A,903,31719,35.126,40,6839,170.975,22.575,0.044296788,0.957582185,38558,4.637958766,0.822630842,0.177369158
Segmented_GiantCells_pAR307-Col-T1#11-10X-1A_Maximumintensityprojection.tif,pAR307,11,1A,399,13809,34.609,23,3344,145.391,17.34782609,0.05764411,0.94549763,17153,4.129485646,0.80504868,0.19495132
Segmented_GiantCells_pAR307-Col-T1#12-10X-1A_Maximumintensityprojection.tif,pAR307,12,1A,471,14302,30.365,35,4456,127.314,13.45714286,0.074309979,0.93083004,18758,3.209605027,0.762448022,0.237551978
Segmented_GiantCells_pAR307-Col-T1#13-10X-1A_Maximumintensityprojection.tif,pAR307,13,1A,451,12337,27.355,48,6082,126.708,9.395833333,0.106430155,0.903807615,18419,2.028444591,0.669797492,0.330202508
Segmented_GiantCells_pAR307-Col-T1#14-10X-1A_Maximumintensityprojection.tif,pAR307,14,1A,691,21184,30.657,61,6748,110.623,11.32786885,0.088277858,0.918882979,27932,3.139300533,0.758413289,0.241586711
Segmented_GiantCells_pAR307-Col-T1#15-10X-1A_Maximumintensityprojection.tif,pAR307,15,1A,483,13143,27.211,39,4768,122.256,12.38461538,0.080745342,0.925287356,17911,2.756501678,0.733794875,0.266205125
Segmented_GiantCells_pAR307-Col-T1#16-10X-1A_Maximumintensityprojection.tif,pAR307,16,1A,331,8156,24.64,55,5971,108.564,6.018181818,0.166163142,0.857512953,14127,1.365935354,0.577334183,0.422665817
Segmented_GiantCells_pAR307-Col-T1#17-10X-1A_Maximumintensityprojection.tif,pAR307,17,1A,498,16702,33.538,38,6255,164.605,13.10526316,0.076305221,0.929104478,22957,2.670183853,0.727534085,0.272465915
Segmented_GiantCells_pAR307-Col-T1#18-10X-1A_Maximumintensityprojection.tif,pAR307,18,1A,582,20622,35.433,43,7148,166.233,13.53488372,0.073883162,0.9312,27770,2.885002798,0.742599928,0.257400072
Segmented_GiantCells_pAR307-Col-T1#19-10X-1A_Maximumintensityprojection.tif,pAR307,19,1A,830,34364,41.402,59,7139,121,14.06779661,0.071084337,0.933633296,41503,4.813559322,0.827988338,0.172011662
Segmented_GiantCells_pAR307-Col-T1#2-10X-1A_Maximumintensityprojection.tif,pAR307,2,1A,1054,40242,38.18,33,5274,159.818,31.93939394,0.031309298,0.969641214,45516,7.630261661,0.884128658,0.115871342
Segmented_GiantCells_pAR307-Col-T1#20-10X-1A_Maximumintensityprojection.tif,pAR307,20,1A,212,7298,34.425,23,3450,150,9.217391304,0.108490566,0.90212766,10748,2.115362319,0.679010048,0.320989952
Segmented_GiantCells_pAR307-Col-T1#21-10X-1A_Maximumintensityprojection.tif,pAR307,21,1A,920,33039,35.912,25,3494,139.76,36.8,0.027173913,0.973544974,36533,9.455924442,0.904360441,0.095639559
Segmented_GiantCells_pAR307-Col-T1#23-10X-1A_Maximumintensityprojection.tif,pAR307,23,1A,1024,41087,40.124,81,9350,115.432,12.64197531,0.079101563,0.926696833,50437,4.394331551,0.814620219,0.185379781
Segmented_GiantCells_pAR307-Col-T1#3-10X-1A_Maximumintensityprojection.tif,pAR307,3,1A,911,28049,30.789,26,3967,152.577,35.03846154,0.028540066,0.972251868,32016,7.070582304,0.876093203,0.123906797
Segmented_GiantCells_pAR307-Col-T1#4-10X-1A_Maximumintensityprojection.tif,pAR307,4,1A,1060,34535,32.58,40,5316,132.9,26.5,0.037735849,0.963636364,39851,6.496425884,0.866603097,0.133396903
Segmented_GiantCells_pAR307-Col-T1#5-10X-1A_Maximumintensityprojection.tif,pAR307,5,1A,732,23104,31.563,50,6326,126.52,14.64,0.068306011,0.936061381,29430,3.652228897,0.785049269,0.214950731
Segmented_GiantCells_pAR307-Col-T1#6-10X-1A_Maximumintensityprojection.tif,pAR307,6,1A,898,30411,33.865,47,5135,109.255,19.10638298,0.05233853,0.95026455,35546,5.922297955,0.855539301,0.144460699
Segmented_GiantCells_pAR307-Col-T1#9-10X-1A_Maximumintensityprojection.tif,pAR307,9,1A,913,37466,41.036,69,10139,146.942,13.23188406,0.075575027,0.929735234,47605,3.695236217,0.78701817,0.21298183
Segmented_GiantCells_pAR308-Col-T1#1-10X-1A_Maximumintensityprojection.tif,pAR308,1,1A,971,37297,38.411,33,5161,156.394,29.42424242,0.033985582,0.967131474,42458,7.226700252,0.878444581,0.121555419
Segmented_GiantCells_pAR308-Col-T1#10-10X-1A_Maximumintensityprojection.tif,pAR308,10,1A,1081,44767,41.413,37,5844,157.946,29.21621622,0.034227567,0.966905188,50611,7.660335387,0.884531031,0.115468969
Segmented_GiantCells_pAR308-Col-T1#11-10X-1A_Maximumintensityprojection.tif,pAR308,11,1A,952,38210,40.137,38,5906,155.421,25.05263158,0.039915966,0.961616162,44116,6.469691839,0.866125669,0.133874331
Segmented_GiantCells_pAR308-Col-T1#12-10X-1A_Maximumintensityprojection.tif,pAR308,12,1A,972,39016,40.14,36,5817,161.583,27,0.037037037,0.964285714,44833,6.707237408,0.870251823,0.129748177
Segmented_GiantCells_pAR308-Col-T1#13-10X-1A_Maximumintensityprojection.tif,pAR308,13,1A,809,29212,36.109,27,4261,157.815,29.96296296,0.033374536,0.967703349,33473,6.855667684,0.872703373,0.127296627
Segmented_GiantCells_pAR308-Col-T1#14-10X-1A_Maximumintensityprojection.tif,pAR308,14,1A,981,37330,38.053,43,5732,133.302,22.81395349,0.043832824,0.958007813,43062,6.512561061,0.866889601,0.133110399
Segmented_GiantCells_pAR308-Col-T1#15-10X-1A_Maximumintensityprojection.tif,pAR308,15,1A,885,39036,44.108,44,6017,136.75,20.11363636,0.049717514,0.952637244,45053,6.487618414,0.866446186,0.133553814
Segmented_GiantCells_pAR308-Col-T1#16-10X-1A_Maximumintensityprojection.tif,pAR308,16,1A,614,14608,23.792,16,2574,160.875,38.375,0.026058632,0.974603175,17182,5.675213675,0.850192061,0.149807939
Segmented_GiantCells_pAR308-Col-T1#17-10X-1A_Maximumintensityprojection.tif,pAR308,17,1A,953,32446,34.046,40,5886,147.15,23.825,0.041972718,0.959718026,38332,5.512402311,0.846446833,0.153553167
Segmented_GiantCells_pAR308-Col-T1#18-10X-1A_Maximumintensityprojection.tif,pAR308,18,1A,1050,37633,35.841,40,6514,162.85,26.25,0.038095238,0.963302752,44147,5.777249002,0.852447505,0.147552495
Segmented_GiantCells_pAR308-Col-T1#19-10X-1A_Maximumintensityprojection.tif,pAR308,19,1A,888,37580,42.32,36,6005,166.806,24.66666667,0.040540541,0.961038961,43585,6.258118235,0.862223242,0.137776758
Segmented_GiantCells_pAR308-Col-T1#2-10X-1A_Maximumintensityprojection.tif,pAR308,2,1A,882,32851,37.246,39,6336,162.462,22.61538462,0.044217687,0.957654723,39187,5.184816919,0.838313726,0.161686274
Segmented_GiantCells_pAR308-Col-T1#20-10X-1A_Maximumintensityprojection.tif,pAR308,20,1A,401,12183,30.382,13,2152,165.538,30.84615385,0.032418953,0.968599034,14335,5.661245353,0.849877921,0.150122079
Segmented_GiantCells_pAR308-Col-T1#21-10X-1A_Maximumintensityprojection.tif,pAR308,21,1A,726,23698,32.642,34,5506,161.941,21.35294118,0.046831956,0.955263158,29204,4.304031965,0.811464183,0.188535817
Segmented_GiantCells_pAR308-Col-T1#3-10X-1A_Maximumintensityprojection.tif,pAR308,3,1A,739,27637,37.398,36,4854,134.833,20.52777778,0.048714479,0.953548387,32491,5.693654718,0.850604783,0.149395217
Segmented_GiantCells_pAR308-Col-T1#4-10X-1A_Maximumintensityprojection.tif,pAR308,4,1A,947,39610,41.827,45,6850,152.222,21.04444444,0.047518479,0.954637097,46460,5.782481752,0.852561343,0.147438657
Segmented_GiantCells_pAR308-Col-T1#5-10X-1A_Maximumintensityprojection.tif,pAR308,5,1A,1336,53504,40.048,44,6646,151.045,30.36363636,0.032934132,0.968115942,60150,8.050556726,0.889509559,0.110490441
Segmented_GiantCells_pAR308-Col-T1#6-10X-1A_Maximumintensityprojection.tif,pAR308,6,1A,933,34304,36.767,45,7860,174.667,20.73333333,0.048231511,0.95398773,42164,4.36437659,0.813585049,0.186414951
Segmented_GiantCells_pAR308-Col-T1#7-10X-1A_Maximumintensityprojection.tif,pAR308,7,1A,1817,69016,37.983,51,6685,131.078,35.62745098,0.028068244,0.972698073,75701,10.32400898,0.911692052,0.088307948
Segmented_GiantCells_pAR308-Col-T1#8-10X-1A_Maximumintensityprojection.tif,pAR308,8,1A,796,29709,37.323,34,5157,151.676,23.41176471,0.042713568,0.959036145,34866,5.760907504,0.852090862,0.147909138
Segmented_GiantCells_pAR308-Col-T1#9-10X-1A_Maximumintensityprojection.tif,pAR308,9,1A,1076,48546,45.117,51,7507,147.196,21.09803922,0.04739777,0.954747116,56053,6.466764353,0.866073181,0.133926819
Segmented_GiantCells_pAR254-Col-T1#1-10X-1A_Maximumintensityprojection.tif,pAR254,1,1A,854,39541,46.301,29,5063,174.586,29.44827586,0.033957845,0.967157418,44604,7.809796563,0.886490001,0.113509999
Segmented_GiantCells_pAR254-Col-T1#10-10X-1A_Maximumintensityprojection.tif,pAR254,10,1A,392,11502,29.342,22,3967,180.318,17.81818182,0.056122449,0.946859903,15469,2.899420217,0.743551619,0.256448381
Segmented_GiantCells_pAR254-Col-T1#11-10X-1A.tif,pAR254,11,1A.tif,286,7667,26.808,18,2612,145.111,15.88888889,0.062937063,0.940789474,10279,2.935298622,0.745889678,0.254110322
Segmented_GiantCells_pAR254-Col-T1#12-10X-1A.tif,pAR254,12,1A.tif,697,18441,26.458,31,4750,153.226,22.48387097,0.044476327,0.957417582,23191,3.882315789,0.795179164,0.204820836
Segmented_GiantCells_pAR254-Col-T1#13-10X-1A_Maximumintensityprojection.tif,pAR254,13,1A,398,7241,18.193,19,2625,138.158,20.94736842,0.047738693,0.954436451,9866,2.75847619,0.733934725,0.266065275
Segmented_GiantCells_pAR254-Col-T1#14-10X-1A_Maximumintensityprojection.tif,pAR254,14,1A,1006,28834,28.662,31,4059,130.935,32.4516129,0.030815109,0.970106075,32893,7.103720128,0.876599884,0.123400116
Segmented_GiantCells_pAR254-Col-T1#15-10X-1A_Maximumintensityprojection.tif,pAR254,15,1A,617,16922,27.426,20,2989,149.45,30.85,0.032414911,0.968602826,19911,5.661425226,0.849881975,0.150118025
Segmented_GiantCells_pAR254-Col-T1#16-10X-1A_Maximumintensityprojection.tif,pAR254,16,1A,423,10912,25.797,20,3216,160.8,21.15,0.047281324,0.954853273,14128,3.393034826,0.772366931,0.227633069
Segmented_GiantCells_pAR254-Col-T1#17-10X-1A_Maximumintensityprojection.tif,pAR254,17,1A,522,19412,37.188,34,5602,164.765,15.35294118,0.0651341,0.938848921,25014,3.465191003,0.776045415,0.223954585
Segmented_GiantCells_pAR254-Col-T1#18-10X-1A_Maximumintensityprojection.tif,pAR254,18,1A,607,18340,30.214,25,3612,144.48,24.28,0.041186161,0.960443038,21952,5.07751938,0.835459184,0.164540816
Segmented_GiantCells_pAR254-Col-T1#19-10X-1A_Maximumintensityprojection.tif,pAR254,19,1A,532,18209,34.227,31,4990,160.968,17.16129032,0.058270677,0.944937833,23199,3.649098196,0.784904522,0.215095478
Segmented_GiantCells_pAR254-Col-T1#2-10X-1A_Maximumintensityprojection.tif,pAR254,2,1A,587,20121,34.278,35,5765,164.714,16.77142857,0.059625213,0.943729904,25886,3.49019948,0.777292745,0.222707255
Segmented_GiantCells_pAR254-Col-T1#20-10X-1A_Maximumintensityprojection.tif,pAR254,20,1A,234,4251,18.167,20,2452,122.6,11.7,0.085470085,0.921259843,6703,1.733686786,0.634193645,0.365806355
Segmented_GiantCells_pAR254-Col-T1#21-10X-1A_Maximumintensityprojection.tif,pAR254,21,1A,338,9920,29.349,22,3652,166,15.36363636,0.065088757,0.938888889,13572,2.716319825,0.730916593,0.269083407
Segmented_GiantCells_pAR254-Col-T1#22-10X-1A_Maximumintensityprojection.tif,pAR254,22,1A,329,9427,28.653,24,4472,186.333,13.70833333,0.072948328,0.932011331,13899,2.108005367,0.678250234,0.321749766
Segmented_GiantCells_pAR254-Col-T1#23-10X-1A_Maximumintensityprojection.tif,pAR254,23,1A,547,16448,30.069,31,4997,161.194,17.64516129,0.056672761,0.946366782,21445,3.291574945,0.766985311,0.233014689
Segmented_GiantCells_pAR254-Col-T1#24-10X-1A_Maximumintensityprojection.tif,pAR254,24,1A,642,15314,23.854,23,3639,158.217,27.91304348,0.035825545,0.965413534,18953,4.208298983,0.807998734,0.192001266
Segmented_GiantCells_pAR254-Col-T1#3-10X-1A_Maximumintensityprojection.tif,pAR254,3,1A,516,17471,33.859,30,4789,159.633,17.2,0.058139535,0.945054945,22260,3.648152015,0.784860737,0.215139263
Segmented_GiantCells_pAR254-Col-T1#4-10X-1A_Maximumintensityprojection.tif,pAR254,4,1A,626,20715,33.091,30,5962,198.733,20.86666667,0.047923323,0.954268293,26677,3.4745052,0.776511602,0.223488398
Segmented_GiantCells_pAR254-Col-T1#5-10X-1A_Maximumintensityprojection.tif,pAR254,5,1A,955,31824,33.324,37,5828,157.514,25.81081081,0.038743455,0.962701613,37652,5.460535347,0.845214066,0.154785934
Segmented_GiantCells_pAR254-Col-T1#6-10X-1A_Maximumintensityprojection.tif,pAR254,6,1A,419,13966,33.332,34,5825,171.324,12.32352941,0.081145585,0.924944812,19791,2.397596567,0.705674296,0.294325704
Segmented_GiantCells_pAR254-Col-T1#7-10X-1A_Maximumintensityprojection.tif,pAR254,7,1A,213,6679,31.357,9,1552,172.444,23.66666667,0.042253521,0.959459459,8231,4.303479381,0.811444539,0.188555461
Segmented_GiantCells_pAR254-Col-T1#8-10X-2A_Maximumintensityprojection.tif,pAR254,8,2A,674,22263,33.031,34,5413,159.206,19.82352941,0.050445104,0.951977401,27676,4.112876409,0.804415378,0.195584622
Segmented_GiantCells_pAR254-Col-T1#9-10X-2A_Maximumintensityprojection.tif,pAR254,9,2A,497,13727,27.62,25,3943,157.72,19.88,0.050301811,0.95210728,17670,3.481359371,0.776853424,0.223146576
Segmented_GiantCells_pAR257-Col-T1#1-10X-1A_Maximumintensityprojection.tif,pAR257,1,1A,113,2127,18.823,36,4183,116.194,3.138888889,0.318584071,0.758389262,6310,0.508486732,0.337083994,0.662916006
Segmented_GiantCells_pAR257-Col-T1#10-10X-1A_Maximumintensityprojection.tif,pAR257,10,1A,509,18444,36.236,42,6383,151.976,12.11904762,0.082514735,0.923774955,24827,2.889550368,0.742900874,0.257099126
Segmented_GiantCells_pAR257-Col-T1#11-10X-1A_Maximumintensityprojection.tif,pAR257,11,1A,390,9909,25.408,16,2276,142.25,24.375,0.041025641,0.960591133,12185,4.353690685,0.813212967,0.186787033
Segmented_GiantCells_pAR257-Col-T1#12-10X-1A_Maximumintensityprojection.tif,pAR257,12,1A,110,3105,28.227,17,2519,148.176,6.470588235,0.154545455,0.866141732,5624,1.232631997,0.552098151,0.447901849
Segmented_GiantCells_pAR257-Col-T1#13-10X-1A_Maximumintensityprojection.tif,pAR257,13,1A,242,5214,21.545,30,3849,128.3,8.066666667,0.123966942,0.889705882,9063,1.354637568,0.57530619,0.42469381
Segmented_GiantCells_pAR257-Col-T1#14-10X-1A_Maximumintensityprojection.tif,pAR257,14,1A,75,1463,19.507,5,733,146.6,15,0.066666667,0.9375,2196,1.995907231,0.666211293,0.333788707
Segmented_GiantCells_pAR257-Col-T1#15-10X-1A_Maximumintensityprojection.tif,pAR257,15,1A,94,1574,16.745,26,4080,156.923,3.615384615,0.276595745,0.783333333,5654,0.385784314,0.278386983,0.721613017
Segmented_GiantCells_pAR257-Col-T1#16-10X-1A_Maximumintensityprojection.tif,pAR257,16,1A,1017,22753,22.373,26,3764,144.769,39.11538462,0.025565388,0.975071908,26517,6.044899044,0.858053324,0.141946676
Segmented_GiantCells_pAR257-Col-T1#17-10X-1A_Maximumintensityprojection.tif,pAR257,17,1A,380,10906,28.7,25,3858,154.32,15.2,0.065789474,0.938271605,14764,2.826853292,0.738688702,0.261311298
Segmented_GiantCells_pAR257-Col-T1#19-10X-1A_Maximumintensityprojection.tif,pAR257,19,1A,435,10425,23.966,36,5057,140.472,12.08333333,0.082758621,0.923566879,15482,2.061498912,0.673362615,0.326637385
Segmented_GiantCells_pAR257-Col-T1#2-10X-1A_Maximumintensityprojection.tif,pAR257,2,1A,531,13375,25.188,24,3325,138.542,22.125,0.04519774,0.956756757,16700,4.022556391,0.800898204,0.199101796
Segmented_GiantCells_pAR257-Col-T1#20-10X-1A_Maximumintensityprojection.tif,pAR257,20,1A,84,1394,16.595,27,3675,136.111,3.111111111,0.321428571,0.756756757,5069,0.379319728,0.275004932,0.724995068
Segmented_GiantCells_pAR257-Col-T1#22-10X-1A_Maximumintensityprojection.tif,pAR257,22,1A,30,359,11.967,18,2187,121.5,1.666666667,0.6,0.625,2546,0.164151806,0.141005499,0.858994501
Segmented_GiantCells_pAR257-Col-T1#23-10X-1A_Maximumintensityprojection.tif,pAR257,23,1A,211,4672,22.142,37,5264,142.27,5.702702703,0.17535545,0.850806452,9936,0.887537994,0.47020934,0.52979066
Segmented_GiantCells_pAR257-Col-T1#24-10X-1A_Maximumintensityprojection.tif,pAR257,24,1A,237,5123,21.616,49,5948,121.388,4.836734694,0.206751055,0.828671329,11071,0.861297915,0.462740493,0.537259507
Segmented_GiantCells_pAR257-Col-T1#25-10X-1B_Maximumintensityprojection.tif,pAR257,25,1B,520,16286,31.319,43,6458,150.186,12.09302326,0.082692308,0.923623446,22744,2.521833385,0.716056982,0.283943018
Segmented_GiantCells_pAR257-Col-T1#26-10X-1A_Maximumintensityprojection.tif,pAR257,26,1A,370,8700,23.514,38,5873,154.553,9.736842105,0.102702703,0.906862745,14573,1.481355355,0.596994442,0.403005558
Segmented_GiantCells_pAR257-Col-T1#4-10X-1A_Maximumintensityprojection.tif,pAR257,4,1A,451,9809,21.749,25,3818,152.72,18.04,0.055432373,0.947478992,13627,2.56914615,0.719820944,0.280179056
Segmented_GiantCells_pAR257-Col-T1#5-10X-1A_Maximumintensityprojection.tif,pAR257,5,1A,522,13515,25.891,34,5256,154.588,15.35294118,0.0651341,0.938848921,18771,2.571347032,0.719993607,0.280006393
Segmented_GiantCells_pAR257-Col-T1#6-10X-1A_Maximumintensityprojection.tif,pAR257,6,1A,530,17267,32.579,44,7017,159.477,12.04545455,0.083018868,0.923344948,24284,2.460738207,0.711044309,0.288955691
Segmented_GiantCells_pAR257-Col-T1#7-10X-1A_Maximumintensityprojection.tif,pAR257,7,1A,590,20740,35.153,32,5351,167.219,18.4375,0.054237288,0.948553055,26091,3.875911045,0.794910122,0.205089878
Segmented_GiantCells_pAR257-Col-T1#8-10X-1A_Maximumintensityprojection.tif,pAR257,8,1A,237,5169,21.81,48,6556,136.583,4.9375,0.202531646,0.831578947,11725,0.788438072,0.440852878,0.559147122
Segmented_GiantCells_pAR257-Col-T1#9-10X-1A_Maximumintensityprojection.tif,pAR257,9,1A,757,19090,25.218,28,4062,145.071,27.03571429,0.036988111,0.96433121,23152,4.699655342,0.824550795,0.175449205
Segmented_GiantCells_pAR262-Col-T1#13-10X-1A_Maximumintensityprojection.tif,pAR262,13,1A,142,4778,33.648,18,2953,164.056,7.888888889,0.126760563,0.8875,7731,1.618015577,0.618031303,0.381968697
Segmented_GiantCells_pAR262-Col-T1#14-10X-1A_Maximumintensityprojection.tif,pAR262,14,1A,338,8703,25.749,30,4725,157.5,11.26666667,0.088757396,0.918478261,13428,1.841904762,0.648123324,0.351876676
Segmented_GiantCells_pAR262-Col-T1#15-10X-1B_Maximumintensityprojection.tif,pAR262,15,1B,493,15620,31.684,70,11929,170.414,7.042857143,0.14198783,0.875666075,27549,1.309414033,0.566989727,0.433010273
Segmented_GiantCells_pAR262-Col-T1#2-10X-1A_Maximumintensityprojection.tif,pAR262,2,1A,414,13996,33.807,33,5677,172.03,12.54545455,0.079710145,0.926174497,19673,2.465386648,0.711431912,0.288568088
Segmented_GiantCells_pAR262-Col-T1#21-10X-1A_Maximumintensityprojection.tif,pAR262,21,1A,124,4696,37.871,19,3038,159.895,6.526315789,0.153225806,0.867132867,7734,1.545753785,0.607189035,0.392810965
Segmented_GiantCells_pAR262-Col-T1#22-10X-1A_Maximumintensityprojection.tif,pAR262,22,1A,267,7437,27.854,40,6346,158.65,6.675,0.149812734,0.86970684,13783,1.171919319,0.539577741,0.460422259
Segmented_GiantCells_pAR262-Col-T1#23-10X-1A_Maximumintensityprojection.tif,pAR262,23,1A,484,15260,31.529,29,4852,167.31,16.68965517,0.059917355,0.943469786,20112,3.145094806,0.758750994,0.241249006
Segmented_GiantCells_pAR262-Col-T1#24-10X-1A_Maximumintensityprojection.tif,pAR262,24,1A,372,12329,33.142,40,7088,177.2,9.3,0.107526882,0.902912621,19417,1.739418736,0.634959056,0.365040944
Segmented_GiantCells_pAR262-Col-T1#25-10X-1A_Maximumintensityprojection.tif,pAR262,25,1A,151,4520,29.934,23,4022,174.87,6.565217391,0.152317881,0.867816092,8542,1.123818996,0.529150082,0.470849918
Segmented_GiantCells_pAR262-Col-T1#27-10X-1A_Maximumintensityprojection.tif,pAR262,27,1A,219,6346,28.977,33,5057,153.242,6.636363636,0.150684932,0.869047619,11403,1.254894206,0.556520214,0.443479786
Segmented_GiantCells_pAR262-Col-T1#28-10X-2A_Maximumintensityprojection.tif,pAR262,28,2A,105,2896,27.581,25,4289,171.56,4.2,0.238095238,0.807692308,7185,0.675215668,0.403061935,0.596938065
Segmented_GiantCells_pAR262-Col-T1#3-10X-1A_Maximumintensityprojection.tif,pAR262,3,1A,288,6262,21.743,40,4848,121.2,7.2,0.138888889,0.87804878,11110,1.291666667,0.563636364,0.436363636
Segmented_GiantCells_pAR262-Col-T1#30-10X-1A_Maximumintensityprojection.tif,pAR262,30,1A,149,5099,34.221,31,5142,165.871,4.806451613,0.208053691,0.827777778,10241,0.991637495,0.497900596,0.502099404
Segmented_GiantCells_pAR262-Col-T1#31-10X-1A_Maximumintensityprojection.tif,pAR262,31,1A,167,4377,26.21,29,5378,185.448,5.75862069,0.173652695,0.852040816,9755,0.813871328,0.448692978,0.551307022
Segmented_GiantCells_pAR262-Col-T1#32-10X-1A_Maximumintensityprojection.tif,pAR262,32,1A,168,4811,28.637,33,5649,171.182,5.090909091,0.196428571,0.835820896,10460,0.85165516,0.459942639,0.540057361
Segmented_GiantCells_pAR262-Col-T1#4-10X-1A_Maximumintensityprojection.tif,pAR262,4,1A,273,8609,31.535,26,4740,182.308,10.5,0.095238095,0.913043478,13349,1.816244726,0.644917222,0.355082778
Segmented_GiantCells_pAR262-Col-T1#5-10X-1A_Maximumintensityprojection.tif,pAR262,5,1A,104,2606,25.058,22,3159,143.591,4.727272727,0.211538462,0.825396825,5765,0.824944603,0.452038161,0.547961839
Segmented_GiantCells_pAR262-Col-T1#6-10X-1A_Maximumintensityprojection.tif,pAR262,6,1A,242,7969,32.93,30,5215,173.833,8.066666667,0.123966942,0.889705882,13184,1.528092042,0.604444782,0.395555218
Segmented_GiantCells_pAR262-Col-T1#7-10X-1A_Maximumintensityprojection.tif,pAR262,7,1A,225,6604,29.351,29,5172,178.345,7.75862069,0.128888889,0.885826772,11776,1.276875483,0.56080163,0.43919837
Segmented_GiantCells_pAR262-Col-T1#9-10X-1A_Maximumintensityprojection.tif,pAR262,9,1A,161,4069,25.273,21,3495,166.429,7.666666667,0.130434783,0.884615385,7564,1.164234621,0.537942887,0.462057113
Segmented_GiantCells_pAR261-Col-T1#1-10X-1A_Maximumintensityprojection.tif,pAR261,1,1A,723,22315,30.864,30,4105,136.833,24.1,0.041493776,0.960159363,26420,5.436053593,0.844625284,0.155374716
Segmented_GiantCells_pAR261-Col-T1#10-10X-1A_Maximumintensityprojection.tif,pAR261,10,1A,437,16111,36.867,22,2749,124.955,19.86363636,0.050343249,0.952069717,18860,5.86067661,0.854241782,0.145758218
Segmented_GiantCells_pAR261-Col-T1#11-10X-1A_Maximumintensityprojection.tif,pAR261,11,1A,538,19708,36.632,22,3075,139.773,24.45454545,0.040892193,0.960714286,22783,6.409105691,0.865030944,0.134969056
Segmented_GiantCells_pAR261-Col-T1#12-10X-1A_Maximumintensityprojection.tif,pAR261,12,1A,606,21482,35.449,20,2817,140.85,30.3,0.0330033,0.968051118,24299,7.625843095,0.884069303,0.115930697
Segmented_GiantCells_pAR261-Col-T1#13-10X-1A_Maximumintensityprojection.tif,pAR261,13,1A,319,11475,35.972,28,3614,129.071,11.39285714,0.087774295,0.919308357,15089,3.175152186,0.760487773,0.239512227
Segmented_GiantCells_pAR261-Col-T1#14-10X-1A_Maximumintensityprojection.tif,pAR261,14,1A,416,12339,29.661,23,3171,137.87,18.08695652,0.055288462,0.9476082,15510,3.891201514,0.795551257,0.204448743
Segmented_GiantCells_pAR261-Col-T1#15-10X-1A_Maximumintensityprojection.tif,pAR261,15,1A,598,18846,31.515,20,2818,140.9,29.9,0.033444816,0.96763754,21664,6.687721789,0.869922452,0.130077548
Segmented_GiantCells_pAR261-Col-T1#16-10X-1A_Maximumintensityprojection.tif,pAR261,16,1A,450,9927,22.06,16,2209,138.062,28.125,0.035555556,0.965665236,12136,4.493888637,0.817979565,0.182020435
Segmented_GiantCells_pAR261-Col-T1#17-10X-1A_Maximumintensityprojection.tif,pAR261,17,1A,805,26698,33.165,38,5477,144.132,21.18421053,0.047204969,0.954922894,32175,4.874566368,0.82977467,0.17022533
Segmented_GiantCells_pAR261-Col-T1#18-10X-1A_Maximumintensityprojection.tif,pAR261,18,1A,738,23449,31.774,23,3368,146.435,32.08695652,0.031165312,0.96977661,26817,6.962292162,0.874408025,0.125591975
Segmented_GiantCells_pAR261-Col-T1#19-10X-1A_Maximumintensityprojection.tif,pAR261,19,1A,302,8737,28.93,15,2619,174.6,20.13333333,0.049668874,0.952681388,11356,3.336006109,0.769373019,0.230626981
Segmented_GiantCells_pAR261-Col-T1#2-10X-1A_Maximumintensityprojection.tif,pAR261,2,1A,712,21610,30.351,25,3265,130.6,28.48,0.03511236,0.966078697,24875,6.618683002,0.868743719,0.131256281
Segmented_GiantCells_pAR261-Col-T1#20-10X-1A_Maximumintensityprojection.tif,pAR261,20,1A,649,19163,29.527,23,3238,140.783,28.2173913,0.035439137,0.96577381,22401,5.918159358,0.855452882,0.144547118
Segmented_GiantCells_pAR261-Col-T1#21-10X-1A_Maximumintensityprojection.tif,pAR261,21,1A,732,28332,38.705,32,4529,141.531,22.875,0.043715847,0.958115183,32861,6.255685582,0.862177049,0.137822951
Segmented_GiantCells_pAR261-Col-T1#22-10X-1A_Maximumintensityprojection.tif,pAR261,22,1A,509,15024,29.517,22,3259,148.136,23.13636364,0.043222004,0.958568738,18283,4.610003068,0.821746978,0.178253022
Segmented_GiantCells_pAR261-Col-T1#23-10X-1A_Maximumintensityprojection.tif,pAR261,23,1A,721,22713,31.502,27,3739,138.481,26.7037037,0.037447989,0.963903743,26452,6.074618882,0.85864963,0.14135037
Segmented_GiantCells_pAR261-Col-T1#24-10X-1A_Maximumintensityprojection.tif,pAR261,24,1A,495,16803,33.945,20,3025,151.25,24.75,0.04040404,0.961165049,19828,5.554710744,0.847437967,0.152562033
Segmented_GiantCells_pAR261-Col-T1#25-10X-1A_Maximumintensityprojection.tif,pAR261,25,1A,765,26505,34.647,33,4983,151,23.18181818,0.043137255,0.958646617,31488,5.319084889,0.841749238,0.158250762
Segmented_GiantCells_pAR261-Col-T1#26-10X-1A_Maximumintensityprojection.tif,pAR261,26,1A,552,18789,34.038,26,4041,155.423,21.23076923,0.047101449,0.955017301,22830,4.649591685,0.822996058,0.177003942
Segmented_GiantCells_pAR261-Col-T1#3-10X-1A_Maximumintensityprojection.tif,pAR261,3,1A,724,24241,33.482,17,2147,126.294,42.58823529,0.023480663,0.97705803,26388,11.2906381,0.918637259,0.081362741
Segmented_GiantCells_pAR261-Col-T1#4-10X-1A_Maximumintensityprojection.tif,pAR261,4,1A,682,26170,38.372,34,4879,143.5,20.05882353,0.049853372,0.952513966,31049,5.363804058,0.842861284,0.157138716
Segmented_GiantCells_pAR261-Col-T1#5-10X-1A_Maximumintensityprojection.tif,pAR261,5,1A,761,32512,42.723,23,3066,133.304,33.08695652,0.03022339,0.970663265,35578,10.60404436,0.913823149,0.086176851
Segmented_GiantCells_pAR261-Col-T1#6-10X-1A_Maximumintensityprojection.tif,pAR261,6,1A,414,14471,34.954,11,1727,157,37.63636364,0.026570048,0.974117647,16198,8.379270411,0.893381899,0.106618101
Segmented_GiantCells_pAR261-Col-T1#8-10X-1A_Maximumintensityprojection.tif,pAR261,8,1A,733,29630,40.423,34,4217,124.029,21.55882353,0.04638472,0.955671447,33847,7.02632203,0.875409933,0.124590067
Segmented_GiantCells_pAR111-Col-T1#1-10X-1A_Maximumintensityprojection.tif,pAR111,1,1A,177,4924,27.819,23,4035,175.435,7.695652174,0.129943503,0.885,8959,1.220322181,0.549614912,0.450385088
Segmented_GiantCells_pAR111-Col-T1#10-10X-1A_Maximumintensityprojection.tif,pAR111,10,1A,57,1500,26.316,12,1401,116.75,4.75,0.210526316,0.826086957,2901,1.070663812,0.517063082,0.482936918
Segmented_GiantCells_pAR111-Col-T1#11-10X-1A_Maximumintensityprojection.tif,pAR111,11,1A,46,974,21.174,41,4166,101.61,1.12195122,0.891304348,0.528735632,5140,0.233797408,0.189494163,0.810505837
Segmented_GiantCells_pAR111-Col-T1#12-10X-3A_Maximumintensityprojection.tif,pAR111,12,3A,58,1232,21.241,20,3183,159.15,2.9,0.344827586,0.743589744,4415,0.387056236,0.279048698,0.720951302
Segmented_GiantCells_pAR111-Col-T1#13-10X-1A_Maximumintensityprojection.tif,pAR111,13,1A,180,4121,22.894,22,3171,144.136,8.181818182,0.122222222,0.891089109,7292,1.299590035,0.565139879,0.434860121
Segmented_GiantCells_pAR111-Col-T1#14-10X-1A_Maximumintensityprojection.tif,pAR111,14,1A,49,1199,24.469,12,1611,134.25,4.083333333,0.244897959,0.803278689,2810,0.744258225,0.426690391,0.573309609
Segmented_GiantCells_pAR111-Col-T1#15-10X-1A_Maximumintensityprojection.tif,pAR111,15,1A,34,1687,49.618,25,4121,164.84,1.36,0.735294118,0.576271186,5808,0.409366659,0.290461433,0.709538567
Segmented_GiantCells_pAR111-Col-T1#16-10X-1A_Maximumintensityprojection.tif,pAR111,16,1A,29,666,22.966,29,3577,123.345,1,1,0.5,4243,0.186189544,0.156964412,0.843035588
Segmented_GiantCells_pAR111-Col-T1#17-10X-1A_Maximumintensityprojection.tif,pAR111,17,1A,91,1720,18.901,27,3250,120.37,3.37037037,0.296703297,0.771186441,4970,0.529230769,0.346076459,0.653923541
Segmented_GiantCells_pAR111-Col-T1#18-10X-1A_Maximumintensityprojection.tif,pAR111,18,1A,90,2142,23.8,40,4240,106,2.25,0.444444444,0.692307692,6382,0.505188679,0.335631463,0.664368537
Segmented_GiantCells_pAR111-Col-T1#19-10X-1A_Maximumintensityprojection.tif,pAR111,19,1A,230,5899,25.648,27,4055,150.185,8.518518519,0.117391304,0.894941634,9954,1.454747226,0.59262608,0.40737392
Segmented_GiantCells_pAR111-Col-T1#2-10X-1A_Maximumintensityprojection.tif,pAR111,2,1A,33,1477,44.758,22,3151,143.227,1.5,0.666666667,0.6,4628,0.468740083,0.319144339,0.680855661
Segmented_GiantCells_pAR111-Col-T1#20-10X-1A_Maximumintensityprojection.tif,pAR111,20,1A,49,801,16.347,12,1216,101.333,4.083333333,0.244897959,0.803278689,2017,0.658717105,0.397124442,0.602875558
Segmented_GiantCells_pAR111-Col-T1#21-10X-1A_Maximumintensityprojection.tif,pAR111,21,1A,83,4239,51.072,23,3439,149.522,3.608695652,0.277108434,0.783018868,7678,1.232625763,0.5520969,0.4479031
Segmented_GiantCells_pAR111-Col-T1#22-10X-1A_Maximumintensityprojection.tif,pAR111,22,1A,83,1429,17.217,30,3822,127.4,2.766666667,0.361445783,0.734513274,5251,0.373888017,0.27213864,0.72786136
Segmented_GiantCells_pAR111-Col-T1#23-10X-1A_Maximumintensityprojection.tif,pAR111,23,1A,458,9028,19.712,28,2924,104.429,16.35714286,0.061135371,0.942386831,11952,3.0875513,0.755354752,0.244645248
Segmented_GiantCells_pAR111-Col-T1#24-10X-1A_Maximumintensityprojection.tif,pAR111,24,1A,65,1652,25.415,12,1093,91.083,5.416666667,0.184615385,0.844155844,2745,1.511436414,0.601821494,0.398178506
Segmented_GiantCells_pAR111-Col-T1#3-10X-2A_Maximumintensityprojection.tif,pAR111,3,2A,52,1908,36.692,17,2556,150.353,3.058823529,0.326923077,0.753623188,4464,0.746478873,0.427419355,0.572580645
Segmented_GiantCells_pAR111-Col-T1#4-10X-2A_Maximumintensityprojection.tif,pAR111,4,2A,53,2102,39.66,25,3403,136.12,2.12,0.471698113,0.679487179,5505,0.617690273,0.381834696,0.618165304
Segmented_GiantCells_pAR111-Col-T1#5-10X-1A_Maximumintensityprojection.tif,pAR111,5,1A,80,1587,19.837,8,917,114.625,10,0.1,0.909090909,2504,1.730643402,0.633785942,0.366214058
Segmented_GiantCells_pAR111-Col-T1#6-10X-2A_Maximumintensityprojection.tif,pAR111,6,2A,25,881,35.24,23,3762,163.565,1.086956522,0.92,0.520833333,4643,0.234183945,0.189748008,0.810251992
Segmented_GiantCells_pAR111-Col-T1#7-10X-1A_Maximumintensityprojection.tif,pAR111,7,1A,96,1933,20.135,35,4387,125.343,2.742857143,0.364583333,0.732824427,6320,0.440620014,0.30585443,0.69414557
Segmented_GiantCells_pAR111-Col-T1#8-10X-1A_Maximumintensityprojection.tif,pAR111,8,1A,251,7593,30.251,24,3154,131.417,10.45833333,0.09561753,0.912727273,10747,2.40741915,0.706522751,0.293477249
Segmented_GiantCells_pAR111-Col-T1#9-10X-1A_Maximumintensityprojection.tif,pAR111,9,1A,81,2931,36.185,17,2373,139.588,4.764705882,0.209876543,0.826530612,5304,1.235145386,0.55260181,0.44739819
Segmented_GiantCells_pLH166-Col-T1#1-10X-1A_Maximumintensityprojection.tif,pLH166,1,1A,795,27097,34.084,22,2855,129.773,36.13636364,0.027672956,0.973072215,29952,9.491068301,0.904680823,0.095319177
Segmented_GiantCells_pLH166-Col-T1#10-10X-1A_Maximumintensityprojection.tif,pLH166,10,1A,505,15490,30.673,22,3375,153.409,22.95454545,0.043564356,0.958254269,18865,4.58962963,0.82109727,0.17890273
Segmented_GiantCells_pLH166-Col-T1#11-10X-1A_Maximumintensityprojection.tif,pLH166,11,1A,649,21105,32.519,21,3095,147.381,30.9047619,0.032357473,0.968656716,24200,6.819063005,0.872107438,0.127892562
Segmented_GiantCells_pLH166-Col-T1#12-10X-1A_Maximumintensityprojection.tif,pLH166,12,1A,553,17337,31.351,9,1310,145.556,61.44444444,0.016274864,0.983985765,18647,13.23435115,0.929747412,0.070252588
Segmented_GiantCells_pLH166-Col-T1#13-10X-1A_Maximumintensityprojection.tif,pLH166,13,1A,594,19352,32.579,32,4514,141.062,18.5625,0.053872054,0.948881789,23866,4.287106779,0.810860639,0.189139361
Segmented_GiantCells_pLH166-Col-T1#14-10X-1A_Maximumintensityprojection.tif,pLH166,14,1A,768,24749,32.225,22,3314,150.636,34.90909091,0.028645833,0.972151899,28063,7.468014484,0.881908563,0.118091437
Segmented_GiantCells_pLH166-Col-T1#15-10X-1A_Maximumintensityprojection.tif,pLH166,15,1A,683,20529,30.057,30,4025,134.167,22.76666667,0.043923865,0.957924264,24554,5.100372671,0.836075588,0.163924412
Segmented_GiantCells_pLH166-Col-T1#16-10X-1A_Maximumintensityprojection.tif,pLH166,16,1A,486,13265,27.294,19,2650,139.474,25.57894737,0.03909465,0.962376238,15915,5.005660377,0.833490418,0.166509582
Segmented_GiantCells_pLH166-Col-T1#17-10X-1A_Maximumintensityprojection.tif,pLH166,17,1A,560,18142,32.396,25,3524,140.96,22.4,0.044642857,0.957264957,21666,5.148127128,0.837348842,0.162651158
Segmented_GiantCells_pLH166-Col-T1#18-10X-1A_Maximumintensityprojection.tif,pLH166,18,1A,611,19252,31.509,41,6653,162.268,14.90243902,0.06710311,0.937116564,25905,2.893732151,0.743176993,0.256823007
Segmented_GiantCells_pLH166-Col-T1#19-10X-1A_Maximumintensityprojection.tif,pLH166,19,1A,622,17416,28,17,1964,115.529,36.58823529,0.02733119,0.973395931,19380,8.867617108,0.898658411,0.101341589
Segmented_GiantCells_pLH166-Col-T1#2-10X-1A_Maximumintensityprojection.tif,pLH166,2,1A,546,17776,32.557,32,4570,142.812,17.0625,0.058608059,0.944636678,22346,3.889715536,0.795489126,0.204510874
Segmented_GiantCells_pLH166-Col-T1#20-10X-1A_Maximumintensityprojection.tif,pLH166,20,1A,185,4789,25.886,9,1229,136.556,20.55555556,0.048648649,0.953608247,6018,3.896663954,0.795779329,0.204220671
Segmented_GiantCells_pLH166-Col-T1#21-10X-1A_Maximumintensityprojection.tif,pLH166,21,1A,535,16968,31.716,29,4735,163.276,18.44827586,0.054205607,0.94858156,21703,3.583526927,0.781827397,0.218172603
Segmented_GiantCells_pLH166-Col-T1#23-10X-1A_Maximumintensityprojection.tif,pLH166,23,1A,638,20772,32.558,43,6575,152.907,14.8372093,0.067398119,0.936857562,27347,3.159239544,0.759571434,0.240428566
Segmented_GiantCells_pLH166-Col-T1#24-10X-1A_Maximumintensityprojection.tif,pLH166,24,1A,577,17673,30.629,26,4368,168,22.19230769,0.045060659,0.956882255,22041,4.046016484,0.801823874,0.198176126
Segmented_GiantCells_pLH166-Col-T1#26-10X-1A_Maximumintensityprojection.tif,pLH166,26,1A,640,24268,37.919,32,4866,152.062,20,0.05,0.952380952,29134,4.987258529,0.83297865,0.16702135
Segmented_GiantCells_pLH166-Col-T1#27-10X-1A_Maximumintensityprojection.tif,pLH166,27,1A,487,16932,34.768,30,5075,169.167,16.23333333,0.061601643,0.941972921,22007,3.33635468,0.769391557,0.230608443
Segmented_GiantCells_pLH166-Col-T1#3-10X-1A_Maximumintensityprojection.tif,pLH166,3,1A,848,25089,29.586,22,3038,138.091,38.54545455,0.025943396,0.974712644,28127,8.25839368,0.891989903,0.108010097
Segmented_GiantCells_pLH166-Col-T1#4-10X-1A_Maximumintensityprojection.tif,pLH166,4,1A,391,12585,32.187,16,2446,152.875,24.4375,0.040920716,0.960687961,15031,5.145134914,0.837269643,0.162730357
Segmented_GiantCells_pLH166-Col-T1#5-10X-1A_Maximumintensityprojection.tif,pLH166,5,1A,530,18611,35.115,22,3018,137.182,24.09090909,0.041509434,0.960144928,21629,6.166666667,0.860465116,0.139534884
Segmented_GiantCells_pLH166-Col-T1#8-10X-1B_Maximumintensityprojection.tif,pLH166,8,1B,598,18242,30.505,25,3386,135.44,23.92,0.04180602,0.959871589,21628,5.38747785,0.843443684,0.156556316
Segmented_GiantCells_pLH166-Col-T1#9-10X-1A_Maximumintensityprojection.tif,pLH166,9,1A,496,12130,24.456,14,1918,137,35.42857143,0.028225806,0.97254902,14048,6.324296142,0.863468109,0.136531891
Segmented_GiantCells_pLH166-Col-T1#22-10X-1A_Maximumintensityprojection.tif,pLH166,22,1A,655,22708,34.669,43,6356,147.814,15.23255814,0.065648855,0.938395415,29064,3.572687225,0.781310212,0.218689788
Segmented_GiantCells_pLH166-Col-T1#6-10X-1A_Maximumintensityprojection.tif,pLH166,6,1A,485,9986,20.59,17,2273,133.706,28.52941176,0.035051546,0.966135458,12259,4.393312802,0.814585203,0.185414797
Segmented_SmallCells_pAR260-col-T1#1-10x-s1i1_Maximumintensityprojection.tif,pAR260,1,s1i1,404,15207,37.641,27,4251,157.444,14.96296296,0.066831683,0.937354988,19458,3.577275935,0.781529448,0.218470552
Segmented_SmallCells_pAR260-col-T1#10-10x-s1i1_Maximumintensityprojection.tif,pAR260,10,s1i1,753,19022,25.262,21,2798,133.238,35.85714286,0.027888446,0.972868217,21820,6.798427448,0.871769019,0.128230981
Segmented_SmallCells_pAR260-col-T1#11-10x-s1i1_Maximumintensityprojection.tif,pAR260,11,s1i1,309,9693,31.369,22,3928,178.545,14.04545455,0.071197411,0.933534743,13621,2.467668024,0.711621761,0.288378239
Segmented_SmallCells_pAR260-col-T1#12-10x-s1i2edited_Maximumintensityprojection.tif,pAR260,12,s1i2edited,722,17986,24.911,15,2243,149.533,48.13333333,0.020775623,0.979647218,20229,8.018724922,0.889119581,0.110880419
Segmented_SmallCells_pAR260-col-T1#13-10x-s2i1_Maximumintensityprojection.tif,pAR260,13,s2i1,326,12696,38.945,16,2388,149.25,20.375,0.049079755,0.953216374,15084,5.316582915,0.841686555,0.158313445
Segmented_SmallCells_pAR260-col-T1#14-10x-s1i1_Maximumintensityprojection.tif,pAR260,14,s1i1,457,14057,30.759,28,4499,160.679,16.32142857,0.061269147,0.942268041,18556,3.124472105,0.757544729,0.242455271
Segmented_SmallCells_pAR260-col-T1#16-10x-s1i1_Maximumintensityprojection.tif,pAR260,16,s1i1,349,10472,30.006,15,3152,210.133,23.26666667,0.042979943,0.958791209,13624,3.322335025,0.76864357,0.23135643
Segmented_SmallCells_pAR260-col-T1#17-10x-s1i1_Maximumintensityprojection.tif,pAR260,17,s1i1,211,5272,24.986,6,727,121.167,35.16666667,0.028436019,0.97235023,5999,7.251719395,0.878813136,0.121186864
Segmented_SmallCells_pAR260-col-T1#18-10x-s1i1_Maximumintensityprojection.tif,pAR260,18,s1i1,300,6480,21.6,15,2076,138.4,20,0.05,0.952380952,8556,3.121387283,0.757363254,0.242636746
Segmented_SmallCells_pAR260-col-T1#19-10x-s1i1_Maximumintensityprojection.tif,pAR260,19,s1i1,146,6047,41.418,20,3563,178.15,7.3,0.136986301,0.879518072,9610,1.69716531,0.629240375,0.370759625
Segmented_SmallCells_pAR260-col-T1#2-10x-s1i1_Maximumintensityprojection.tif,pAR260,2,s1i1,269,4998,18.58,11,1994,181.273,24.45454545,0.040892193,0.960714286,6992,2.506519559,0.714816934,0.285183066
Segmented_SmallCells_pAR260-col-T1#20-10x-s1i1_Maximumintensityprojection.tif,pAR260,20,s1i1,841,32267,38.367,40,6063,151.575,21.025,0.047562426,0.954597049,38330,5.321952829,0.841821028,0.158178972
Segmented_SmallCells_pAR260-col-T1#21-10x-s1i1_Maximumintensityprojection.tif,pAR260,21,s1i1,444,12141,27.345,9,1640,182.222,49.33333333,0.02027027,0.98013245,13781,7.40304878,0.880995574,0.119004426
Segmented_SmallCells_pAR260-col-T1#22-10x-s1i1_Maximumintensityprojection.tif,pAR260,22,s1i1,408,12892,31.598,8,996,124.5,51,0.019607843,0.980769231,13888,12.9437751,0.92828341,0.07171659
Segmented_SmallCells_pAR260-col-T1#23-10x-s1i1_Maximumintensityprojection.tif,pAR260,23,s1i1,407,8136,19.99,10,1327,132.7,40.7,0.024570025,0.976019185,9463,6.131122833,0.859769629,0.140230371
Segmented_SmallCells_pAR260-col-T1#24-10x-s1i2_Maximumintensityprojection.tif,pAR260,24,s1i2,251,7756,30.9,20,2616,130.8,12.55,0.079681275,0.926199262,10372,2.964831804,0.747782491,0.252217509
Segmented_SmallCells_pAR260-col-T1#25-10x-s1i2Early_Maximumintensityprojection.tif,pAR260,25,s1i2Early,604,19132,31.675,19,3512,184.842,31.78947368,0.031456954,0.969502408,22644,5.4476082,0.844903727,0.155096273
Segmented_SmallCells_pAR260-col-T1#27-10x-s1i2edited_Maximumintensityprojection.tif,pAR260,27,s1i2edited,515,11315,21.971,18,2479,137.722,28.61111111,0.034951456,0.966228893,13794,4.56434046,0.820284182,0.179715818
Segmented_SmallCells_pAR260-col-T1#28-10x-s1i2_Maximumintensityprojection.tif,pAR260,28,s1i2,270,5698,21.104,7,1151,164.429,38.57142857,0.025925926,0.974729242,6849,4.950477845,0.83194627,0.16805373
Segmented_SmallCells_pAR260-col-T1#29-10x-s1i1_Maximumintensityprojection.tif,pAR260,29,s1i1,409,12663,30.961,19,2627,138.263,21.52631579,0.046454768,0.955607477,15290,4.82032737,0.828188358,0.171811642
Segmented_SmallCells_pAR260-col-T1#3-10x-s1i1_Maximumintensityprojection.tif,pAR260,3,s1i1,460,11504,25.009,19,2640,138.947,24.21052632,0.041304348,0.960334029,14144,4.357575758,0.813348416,0.186651584
Segmented_SmallCells_pAR260-col-T1#30-10x-s1i1_Maximumintensityprojection.tif,pAR260,30,s1i1,127,4118,32.425,11,1705,155,11.54545455,0.086614173,0.920289855,5823,2.415249267,0.707195604,0.292804396
Segmented_SmallCells_pAR260-col-T1#31-10x-s1i1_Maximumintensityprojection.tif,pAR260,31,s1i1,620,13271,21.405,11,1430,130,56.36363636,0.017741935,0.982567353,14701,9.28041958,0.902727706,0.097272294
Segmented_SmallCells_pAR260-col-T1#32-10x-s1i1_Maximumintensityprojection.tif,pAR260,32,s1i1,66,2630,39.848,12,1794,149.5,5.5,0.181818182,0.846153846,4424,1.46599777,0.594484629,0.405515371
Segmented_SmallCells_pAR260-col-T1#33-10x-s1i1_Maximumintensityprojection.tif,pAR260,33,s1i1,325,10037,30.883,14,2603,185.929,23.21428571,0.043076923,0.958702065,12640,3.855935459,0.794066456,0.205933544
Segmented_SmallCells_pAR260-col-T1#34-10x-s1i1_Maximumintensityprojection.tif,pAR260,34,s1i1,129,3880,30.078,9,1879,208.778,14.33333333,0.069767442,0.934782609,5759,2.064928153,0.673728078,0.326271922
Segmented_SmallCells_pAR260-col-T1#35-10x-s1i1_Maximumintensityprojection.tif,pAR260,35,s1i1,1204,28822,23.939,13,1888,145.231,92.61538462,0.010797342,0.989317995,30710,15.26588983,0.938521654,0.061478346
Segmented_SmallCells_pAR260-col-T1#36-10x-s1i1_Maximumintensityprojection.tif,pAR260,36,s1i1,407,12179,29.924,12,2026,168.833,33.91666667,0.029484029,0.971360382,14205,6.011352419,0.857374164,0.142625836
Segmented_SmallCells_pAR260-col-T1#5-10x-s1i1_Maximumintensityprojection.tif,pAR260,5,s1i1,541,14468,26.743,15,2931,195.4,36.06666667,0.027726433,0.973021583,17399,4.936199249,0.831542043,0.168457957
Segmented_SmallCells_pAR260-col-T1#6-10x-s1i1_Maximumintensityprojection.tif,pAR260,6,s1i1,697,15249,21.878,30,4925,164.167,23.23333333,0.043041607,0.958734525,20174,3.096243655,0.755873897,0.244126103
Segmented_SmallCells_pAR260-col-T1#7-10x-s1i1_Maximumintensityprojection.tif,pAR260,7,s1i1,205,5100,24.878,17,3149,185.235,12.05882353,0.082926829,0.923423423,8249,1.619561766,0.618256758,0.381743242
Segmented_SmallCells_pAR260-col-T1#8-10x-s1i1_Maximumintensityprojection.tif,pAR260,8,s1i1,604,17886,29.613,19,2849,149.947,31.78947368,0.031456954,0.969502408,20735,6.277992278,0.862599469,0.137400531
Segmented_SmallCells_pAR260-col-T1#9-10x-s1i1_Maximumintensityprojection.tif,pAR260,9,s1i1,277,9210,33.249,28,4737,169.179,9.892857143,0.101083032,0.908196721,13947,1.944268524,0.660357066,0.339642934
Segmented_GiantCells_pAR388-Col-T1#10-10X-1A_Maximumintensityprojection.tif,pAR388,10,1A,471,16985,36.062,32,5457,170.531,14.71875,,,,,,
Segmented_GiantCells_pAR388-Col-T1#1-10X-1A_Maximumintensityprojection.tif,pAR388,1,1A,675,19809,29.347,39,5688,145.846,17.30769231,,,,,,
Segmented_GiantCells_pAR388-Col-T1#11-10X-1A_Maximumintensityprojection.tif,pAR388,11,1A,307,8504,27.7,7,1200,171.429,43.85714286,,,,,,
Segmented_GiantCells_pAR388-Col-T1#12-10X-1A_Maximumintensityprojection.tif,pAR388,12,1A,658,17859,27.141,22,2893,131.5,29.90909091,,,,,,
Segmented_GiantCells_pAR388-Col-T1#13-10X-1A_Maximumintensityprojection.tif,pAR388,13,1A,863,29637,34.342,34,4406,129.588,25.38235294,,,,,,
Segmented_GiantCells_pAR388-Col-T1#14-10X-1A_Maximumintensityprojection.tif,pAR388,14,1A,629,18101,28.777,19,2742,144.316,33.10526316,,,,,,
Segmented_GiantCells_pAR388-Col-T1#15-10X-1A_Maximumintensityprojection.tif,pAR388,15,1A,423,14616,34.553,24,3537,147.375,17.625,,,,,,
Segmented_GiantCells_pAR388-Col-T1#16-10X-1A_Maximumintensityprojection.tif,pAR388,16,1A,431,12304,28.548,27,4347,161,15.96296296,,,,,,
Segmented_GiantCells_pAR388-Col-T1#17-10X-1A_Maximumintensityprojection.tif,pAR388,17,1A,177,3867,21.847,36,4521,125.583,4.916666667,,,,,,
Segmented_GiantCells_pAR388-Col-T1#18-10X-1A_Maximumintensityprojection.tif,pAR388,18,1A,216,5160,23.889,40,5228,130.7,5.4,,,,,,
Segmented_GiantCells_pAR388-Col-T1#19-10X-1A_Maximumintensityprojection.tif,pAR388,19,1A,65,1302,20.031,28,3849,137.464,2.321428571,,,,,,
Segmented_GiantCells_pAR388-Col-T1#20-10X-1A_Maximumintensityprojection.tif,pAR388,20,1A,361,7468,20.687,29,3636,125.379,12.44827586,,,,,,
Segmented_GiantCells_pAR388-Col-T1#2-10X-1A_Maximumintensityprojection.tif,pAR388,2,1A,687,23435,34.112,33,5527,167.485,20.81818182,,,,,,
Segmented_GiantCells_pAR388-Col-T1#21-10X-1A_Maximumintensityprojection.tif,pAR388,21,1A,313,6605,21.102,44,5406,122.864,7.113636364,,,,,,
Segmented_GiantCells_pAR388-Col-T1#3-10X-2A_Maximumintensityprojection.tif,pAR388,3,2A,465,12323,26.501,21,3383,161.095,22.14285714,,,,,,
Segmented_GiantCells_pAR388-Col-T1#4-10X-1A_Maximumintensityprojection.tif,pAR388,4,1A,492,12666,25.744,37,5752,155.459,13.2972973,,,,,,
Segmented_GiantCells_pAR388-Col-T1#5-10X-1A_Maximumintensityprojection.tif,pAR388,5,1A,639,19052,29.815,35,5710,163.143,18.25714286,,,,,,
Segmented_GiantCells_pAR388-Col-T1#6-10X-1A_Maximumintensityprojection.tif,pAR388,6,1A,829,24116,29.09,28,3925,140.179,29.60714286,,,,,,
Segmented_GiantCells_pAR388-Col-T1#7-10X-1A_Maximumintensityprojection.tif,pAR388,7,1A,799,24866,31.121,30,4325,144.167,26.63333333,,,,,,
Segmented_GiantCells_pAR388-Col-T1#8-10X-1A_Maximumintensityprojection.tif,pAR388,8,1A,729,26464,36.302,36,5826,161.833,20.25,,,,,,
Segmented_GiantCells_pAR388-Col-T1#9-10X-1A_Maximumintensityprojection.tif,pAR388,9,1A,173,4221,24.399,8,1070,133.75,21.625,,,,,,
Segmented_GiantCells_pAR389-Col-T1#10-10X-1A_Maximumintensityprojection.tif,pAR389,10,1A,187,5701,30.487,39,7121,182.59,4.794871795,,,,,,
Segmented_GiantCells_pAR389-Col-T1#1-10X-1A_Maximumintensityprojection_edited.tif,pAR389,1,1A,32,60137785.75,1879305.805,14,184771170.5,13197940.75,2.285714286,,,,,,
Segmented_GiantCells_pAR389-Col-T1#11-10X-1A_Maximumintensityprojection.tif,pAR389,11,1A,188,5420,28.83,35,5761,164.6,5.371428571,,,,,,
Segmented_GiantCells_pAR389-Col-T1#12-10X-1A_Maximumintensityprojection.tif,pAR389,12,1A,95,2182,22.968,40,5531,138.275,2.375,,,,,,
Segmented_GiantCells_pAR389-Col-T1#14-10X-1A_Maximumintensityprojection_edited.tif (RGB).tif,pAR389,14,1A,176,653547077.3,3713335.666,49,833711421,17014518.8,3.591836735,,,,,,
Segmented_GiantCells_pAR389-Col-T1#16-10X-1A_Maximumintensityprojection_edited.tif (RGB).tif,pAR389,16,1A,174,535139137.6,3075512.285,44,744563070.5,16921887.97,3.954545455,,,,,,
Segmented_GiantCells_pAR389-Col-T1#17-10X-1A_Maximumintensityprojection.tif,pAR389,17,1A,294,7875,26.786,29,4796,165.379,10.13793103,,,,,,
Segmented_GiantCells_pAR389-Col-T1#18-10X-1A_Maximumintensityprojection.tif,pAR389,18,1A,183,4676,25.552,36,5162,143.389,5.083333333,,,,,,
Segmented_GiantCells_pAR389-Col-T1#20-10X-1A_Maximumintensityprojection.tif,pAR389,20,1A,294,6891,23.439,44,6192,140.727,6.681818182,,,,,,
Segmented_GiantCells_pAR389-Col-T1#2-10X-1A_Maximumintensityprojection_edited.tif (RGB).tif,pAR389,2,1A,125,373900148,2991201.184,32,572367295,17886477.97,3.90625,,,,,,
Segmented_GiantCells_pAR389-Col-T1#3-10X-1A_Maximumintensityprojection_edited.tif (RGB).tif,pAR389,3,1A,61,178421215.4,2924937.957,45,642465794.5,14277017.66,1.355555556,,,,,,
Segmented_GiantCells_pAR389-Col-T1#4-10X-1A_Maximumintensityprojection.tif,pAR389,4,1A,260,7453,28.665,23,3136,136.348,11.30434783,,,,,,
Segmented_GiantCells_pAR389-Col-T1#5-10X-1A_Maximumintensityprojection.tif,pAR389,5,1A,997,29829,29.919,49,7318,149.347,20.34693878,,,,,,
Segmented_GiantCells_pAR389-Col-T1#6-10X-1A_Maximumintensityprojection.tif,pAR389,6,1A,168,3381,20.125,33,4819,146.03,5.090909091,,,,,,
Segmented_GiantCells_pAR389-Col-T1#7-10X-1A_Maximumintensityprojection.tif,pAR389,7,1A,230,6693,29.1,39,6176,158.359,5.897435897,,,,,,
Segmented_GiantCells_pAR389-Col-T1#8-10X-1A_Maximumintensityprojection.tif,pAR389,8,1A,160,3601,22.506,36,5273,146.472,4.444444444,,,,,,
Segmented_GiantCells_pAR389-Col-T1#9-10X-1A_Maximumintensityprojection.tif,pAR389,9,1A,225,5533,24.591,41,6030,147.073,5.487804878,,,,,,
Segmented_GiantCells_pLH167-Col-T1#14-PI-10X-2A_Maximumintensityprojection(Cropped).tif,pLH167,14,10X,368,6642,18.049,17,2885,169.706,21.64705882,,,,,,
Segmented_GiantCells_pLH167-Col-T1#14-PI-10X-3A_Maximumintensityprojection(Cropped).tif,pLH167,14,10X,482,13086,27.149,22,3850,175,21.90909091,,,,,,
Segmented_GiantCells_pLH167-Col-T1#14-PI-10X-4A_Maximumintensityprojection(Cropped).tif,pLH167,14,10X,550,15664,28.48,30,4635,154.5,18.33333333,,,,,,
Segmented_GiantCells_pLH167-Col-T1#14-PI-10X-5A_Maximumintensityprojection(Cropped).tif,pLH167,14,10X,343,7336,21.388,27,3459,128.111,12.7037037,,,,,,
Segmented_GiantCells_pLH167-Col-T1#1-PI-10X-2A_Maximumintensityprojection (cropped).tif,pLH167,1,10X,112,1833,16.366,29,4299,148.241,3.862068966,,,,,,
Segmented_GiantCells_pLH167-Col-T1#1-PI-10X-3A_Maximumintensityprojection(cropped).tif,pLH167,1,10X,355,9517,26.808,40,6645,166.125,8.875,,,,,,
Segmented_GiantCells_pLH167-Col-T1#1-PI-10X-4A_Maximumintensityprojection(Cropped).tif,pLH167,1,10X,409,11235,27.469,39,6023,154.436,10.48717949,,,,,,
Segmented_GiantCells_pLH167-Col-T1#1-PI-10X-5A_Maximumintensityprojection(Cropped).tif,pLH167,1,10X,183,3654,19.967,27,3923,145.296,6.777777778,,,,,,
Segmented_GiantCells_pLH167-Col-T1#5-PI-10X-2A_Maximum intensity projection.tif,pLH167,5,2A,575,17679,30.74608696,36,6617,183.8055556,15.97222222,,,,,,
Segmented_GiantCells_pLH167-Col-T1#5-PI-10X-3A_Maximum intensity projection.tif ,pLH167,5,3A,593,21942,37.00168634,37,6259,169.1621622,16.02702703,,,,,,
Segmented_GiantCells_pLH167-Col-T1#5-PI-10X-4A_Maximum intensity projection.tif ,pLH167,5,4A,488,14491,29.69467213,22,4448,202.1818182,22.18181818,,,,,,
Segmented_GiantCells_pLH167-Col-T1#5-PI-10X-5A_Maximum intensity projection.tif ,pLH167,5,5A,620,19805,31.94354839,33,6210,188.1818182,18.78787879,,,,,,
